ID,Artist,Song
786,�ge Alexandersen,Rosalita
2691,Alice Tegn�r,Ekorrn satt i granen
698,Amy Diamond,What's in it for me
822,Amy Diamond,Shooting star
2496,Anders Ekborg,The saviour
920,Andra Generationen,Kebabpizza slivovitza
988,Andreas Lundstedt,Driver dagg faller regn
962,Andr�s Esteche,Ol� ol�
1064,Anita Lindblom,S�nt �r livet
995,Ann-Christine B�rnsten,Ska vi plocka k�rsb�r i min tr�dg�rd
2500,Anna Bergendahl,This is my life
965,Anne-Lie Ryd�,S�g att du har �ngrat dig
1040,Anne-Lie Ryd�,En s�n karl
5481,Anne-Marie,"Ciao, Adios"
3116,Anouk,Sacrifice
1337,Aqua,Barbie girl
990,Arja Saijonmaa,H�gt �ver havet
5590,Avicii,The night
5335,Avicii Ft. Robbie Williams,The Days
135,Avril Lavigne,Sk8ter boi
650,Avril Lavigne,I'm with you
1630,Avril Lavigne,Nobody's home
4158,Ayumi Hamasaki,Walking proud
587,Babyface,Exhale
3681,Babyface,Everytime I close my eyes
488,Bachelors,I believe
1706,Bachman Turner Overdrive,Takin' care of business
4356,Bachman Turner Overdrive,Roll on down the highway
4357,Bachman Turner Overdrive,Let it ride
459,Backstreet Boys,Shape of my heart
508,Backstreet Boys,The call
597,Backstreet Boys,I'll never break your heart
2976,Backstreet Boys,Anywhere for you
3045,Backstreet Boys,I just want you to know
3083,Backstreet Boys,More than that
3122,Backstreet Boys,Show me the meaning of being lonely
3136,Backstreet Boys,That's the way I like it
3149,Backstreet Boys,We've got it goin' on
4359,Backstreet Boys,I still
4360,Backstreet Boys,Incomplete
4364,Backstreet Boys,Let's have a party
4365,Backstreet Boys,Like a child
4366,Backstreet Boys,That's what she said
4368,Backstreet Boys,The perfect fan
4369,Backstreet Boys,It's true
3462,Bad Company,Shooting star
1305,Bananarama,Venus
3003,Bananarama,Cruel summer
3370,Band Aid,Do they know it's christmas
4370,Band Of Horses,Is there a ghost
1161,Bangles,Manic monday
1607,Bangles,Eternal flame
1992,Barbara Lewis,Baby I'm yours
296,Barbra Streisand,You don't bring me flowers
432,Barbra Streisand,Woman in love
569,Barbra Streisand,Some good things never last
570,Barbra Streisand,The way we were
5070,Barbra Streisand And Celine Dion,Tell Him
2102,Barry Manilow,Can't smile without you
4372,Barry Manilow,It's a miracle
4375,Barry Manilow,One voice
4377,Barry Manilow,Memory
4378,Barry Manilow,Somewhere in the night
4380,Barry Manilow,Looks like we made it
4381,Barry Manilow,This one's for you
3541,Barry White,Can't get enough of your love babe
3542,Barry White,Come on
3543,Barry White,I only want to be with you
3546,Barry White,Just the way you are
3547,Barry White,Let the music play
3548,Barry White,Never never gonna give ya up
3549,Barry White,Practice what you preach
3550,Barry White,Staying power
3553,Barry White,"You're the first, the last, my everything"
3554,Barry White & Tina Turner,In your wildest dreams
3014,Basshunter,Every morning
1720,Bay City Rollers,Bump
2350,BB King,The thrill is gone
2591,BC 52's,Flintstones
1745,Beach Boys,Good vibrations
2413,Beach Boys,Kokomo
386,Beatles,Hey Jude
388,Beatles,Back in the USSR
390,Beatles,Come together
391,Beatles,Revolution
392,Beatles,Nowhere man
393,Beatles,Can't buy me love
396,Beatles,We can work it out
397,Beatles,She loves you
398,Beatles,Yellow submarine
399,Beatles,Sgt Peppers lonely hearts club band
400,Beatles,Long and winding road
401,Beatles,Ticket to ride
403,Beatles,Here there and everywhere
404,Beatles,Penny Lane
405,Beatles,If I fell
406,Beatles,Love me do
408,Beatles,With a little help from my friends
409,Beatles,I'll follow the sun
410,Beatles,I want to hold your hand
411,Beatles,Don't let me down
2258,Beatles,I saw her standing there
2331,Beatles,Lucy in the sky with diamonds
5075,Beatles,Here Comes The Sun
5076,Beatles,Blackbird
1451,Beautiful South,Rotterdam
2453,Beautiful South,Little time
2454,Beautiful South,Everybody's talkin'
492,Bee Gees,First of May
623,Bee Gees,Massachusetts
624,Bee Gees,To love somebody
625,Bee Gees,I started a joke
1439,Bee Gees,Night fever
1385,Belinda Carlisle,Heaven is a place on earth
1224,Bellamy Brothers,Let your love flow
1258,Bellamy Brothers,Redneck girl
2067,Bellamy Brothers,If I said you had a beautiful body
2540,Belle & Sebastian,Funny little frog
3825,Beloved,Sweet harmony
765,Benny Borg,Balladen om Morgan Kane
1470,Berlin,Take my breath away
332,Bette Midler,In my life
1477,Bette Midler,The rose
2103,Bette Midler,Glory of love
3441,Bette Midler,Every road leads back to you
3442,Bette Midler,Night and day
3443,Bette Midler,That's the glory of love
424,Beverly Craven,Promise me
740,Beyonce,If I were a boy
827,Beyonce,Irreplaceable
828,Beyonce,"Me, myself and I"
1355,Beyonce,Crazy in love
2582,Beyonce,All the single ladies
3207,Beyonce,Listen
5689,Beyonce,Ring the alarm
5849,Beyonc�,Bow down
5850,Beyonc�,Cuff it
5851,Beyonc�,Irreplaceable
237,Beyonce & Sean Paul,Baby boy
3900,Beyonce & Shakira,Beautiful liar
3790,Bill Haley & his Comets,See you later alligator
5852,Bill Joel,Piano man
4103,Bill Withers,Just the two of us
5336,Bill Withers,Ain't no sunshine
5662,Billie Eilish,Ocean eyes
5763,Billie Eilish,Your power
5818,Billie Eillish,Lost cause
1205,Billy Fury,Last night was made for love
1734,Billy Fury,Candy kisses
1164,Billy Idol,Mony mony
1493,Billy Idol,White wedding
4387,Billy Idol,LA woman
4388,Billy Idol,Scream
4389,Billy Idol,Flesh for fantasy
4390,Billy Idol,Shock to the system
4391,Billy Idol,Cradle of love
4393,Billy Idol,Sweet sixteen
345,Billy Joel,The river of dreams
2096,Billy Joel,Just the way you are
3248,Billy Joel,We didn't start the fire
281,Billy Ocean,"Get outta my dream, get into my car"
301,Billy Ocean,Suddenly
313,Billy Ocean,Everything's so different without you
1771,Billy Paul,Me and Mrs Jones
355,Billy Ray Cyrus,Achy breaky heart
2283,Billy Vera & The Beaters,At this moment
3371,Bing Crosby,White christmas
3970,Biz Markie,Just a friend
1014,Bj�rn Afzelius,En kungens man
1527,Bj�rn Afzelius,Tusen bitar
942,Bj�rn Kjellman,�lskar du livet
634,Bj�rn Skifs,H�rligt h�rligt
971,Bj�rn Skifs,Det blir alltid v�rre fram�t natten
1073,Bj�rn Skifs,Michelangelo
1085,Bj�rn Skifs,H�ll mitt hj�rta
2196,Bj�rn Skifs/Blue Swede,Hooked on a feeling
253,Black Eyed Peas,Where is the love
4080,Black Eyed Peas,Gone going
3269,Black Jack,Corrine Corrina
1182,Black Sabbath,Iron man black
1710,Black Sabbath,War pigs
2997,Black Sabbath,Changes
3139,Black Sabbath,The wizard
3153,Black Sabbath,Wicked world
3709,Blake Shelton,Austin
5764,Blink 182,Adams song
5766,Blink 182,Feeling this
5768,Blink 182,Whats my age again
42,Blondie,Heart of glass
59,Blondie,Dreamin'
2323,Blood sweat and tears,And when I die
2329,Blood sweat and tears,Hi-de-ho
2981,Bloodhound Gang,Bad touch
4394,Bloodhound Gang,Ballad of Chasey Lain
4395,Bloodhound Gang,Fire water burn
98,Blue,Best in me
1631,Blue,Breathe easy
3996,Blue,All rise
177,Blue & Elton John,Sorry seems to be the hardest word
688,Blue Lagoon,Break my stride
706,Blue Lagoon,Now that we found love
3944,Blue October,Hate me
4396,Blue October,Calling you
3899,Blue Oyster Cult,Don't fear the reaper
4091,Blue Oyster Cult,Burnin' for you
1298,Bluebells,Young at heart
1431,Blues Brothers,Minnie the moocher
20,Blur,Girls and boys
210,Blur,Out of time
2983,Blur,Beetlebum
2998,Blur,Charmless man
2999,Blur,Coffee and tv
3084,Blur,Music is my radar
3140,Blur,There's no other way
3961,Bob & Bruno Mars,Nothing on you
831,Bob Dylan,Forever young
832,Bob Dylan,The times they are a changing
833,Bob Dylan,Knocking on heavens door
2961,Bob Dylan,A hard rain's a gonna fall
2966,Bob Dylan,All along the watchtower
3050,Bob Dylan,I'll be your baby tonight
3057,Bob Dylan,It's all over now baby blue
3060,Bob Dylan,Just like a woman
3063,Bob Dylan,Lay lady lay
3066,Bob Dylan,Like a rolling stone
3076,Bob Dylan,Maggie's farm
3134,Bob Dylan,Tangled up in blue
3404,Bob Dylan,Mr Tambourine man
2020,Bob Marley,One love
2021,Bob Marley,I shot the sheriff
2025,Bob Marley,Jammin'
2033,Bob Marley,Natural mystic
2034,Bob Marley,Iron lion zion
2076,Bob Marley,Lively up yourself
2259,Bob Seger,Old time rock and roll
3475,Bob Seger,Beautiful loser
3477,Bob Seger,Sunspot baby
3480,Bob Seger,Fire down below
3570,Bob Seger & The Silver Bullet Band,Hollywood nights
3905,Bob Sinclair,Sound of freedom
3917,Bob Sinclair,Together
2336,Bobby Boris Picket,Monster mash
4005,Bobby McFerrin,"Don't worry, be happy"
1793,Bobby Vee,Venus in blue
770,Bobbysocks,La det swinge
707,Bodies Without Organs,Open door
825,Bodies Without Organs,Sunshine in the rain
27,Bon Jovi,This ain't a love song
53,Bon Jovi,Something for the pain
1413,Bon Jovi,It's my life
1491,Bon Jovi,Wanted dead or alive
1938,Bon Jovi,You give love a bad name
1939,Bon Jovi,Living in the sun
1942,Bon Jovi,Lay your hands on me
1944,Bon Jovi,Born to be my baby
1945,Bon Jovi,In and out of love
1946,Bon Jovi,Please come home for christmas
1947,Bon Jovi,Bad medicine
1948,Bon Jovi,Livin' on a prayer
4399,Bone Thugs 'N Harmony,1st of tha month
1212,Boney M,Rivers of Babylon
1275,Boney M,Daddy cool
3372,Boney M,Mary's boy child (Oh my Lord)
3373,Boney M,Feliz navidad
1387,Bonnie Tyler,Holding out for a hero
722,Bosson,You
2962,Boston,A man I'll never be
3805,Box Tops,The letter
5081,Boy George,Everything I Own
3955,Boys Like Girls & Taylor Swift,Two is better than one
1366,Boyz II Men,End of the road
441,Boyzone,No matter what
519,Boyzone,Coming home now
593,Boyzone,Picture of you
3571,Boz Scaggs,Lido shuffle
11,Brand New Heavies,Midnight at the oasis
3783,Brand New Heavies,You've got a friend
1585,Brandsta City Sl�ckers,Kom och ta mig l�ngt h�rifr�n
3870,Brandy,Full moon
3926,Brandy,Right here (departed)
5632,Brandy,Have you ever
5633,Brandy,I wanna be down
4035,Brandy & Mase,Top of the world
1600,Bread,Baby I'ma want you
1406,Brenda Lee,I'm sorry
4401,Brett Dennen,Comeback kid (That's my dog)
3590,Brett Dennen feat. Femi Kuti,Make you crazy
96,Brian McKnight,Back at one
179,Britney Spears,I love rock 'n roll
500,Britney Spears,From the bottom of my broken heart
1825,Britney Spears,Soda pop
1827,Britney Spears,Don't go knocking
1828,Britney Spears,What you see is what you get
1829,Britney Spears,One kiss from you
1832,Britney Spears,When your eyes say it
3651,Britney Spears,Sometimes
4402,Britney Spears,I'm not a girl not yet a woman
4407,Britney Spears,Slave for you
4408,Britney Spears,Someday I will understand
4409,Britney Spears,The beat goes on
4412,Britney Spears,You got it all
4418,Britney Spears,If you seek Amy
4419,Britney Spears,Hold it against me
4420,Britney Spears,Do something
4422,Britney Spears,Let me be
2100,Broadman Hymnal,Face to face
658,Brolle Jr,Playing with fire
1326,Brotherhood of man,Save your kisses for me
3791,Bruce Channel,Keep on
3982,Bruce Hornsby,Walk in the sun
2015,Bruce Springsteen,Born to run
2016,Bruce Springsteen,Born in the USA
2225,Bruce Springsteen,Tougher than the rest
2590,Bruce Springsteen,Tenth avenue freezeout
2594,Bruce Springsteen,Thunder road
2980,Bruce Springsteen,Backstreets
2982,Bruce Springsteen,Badlands
2985,Bruce Springsteen,Better days
2992,Bruce Springsteen,Brilliant disguise
3018,Bruce Springsteen,Fire
3027,Bruce Springsteen,Glory days
3041,Bruce Springsteen,Human touch
3087,Bruce Springsteen,My hometown
3093,Bruce Springsteen,No surrender
3099,Bruce Springsteen,Paradise
3146,Bruce Springsteen,Two hearts
3988,Bruno Mars,Count on me
3989,Bruno Mars,It will rain
4095,Bruno Mars,Just the way you are (Amazing)
5726,Bruno Mars ft Cardi B,Finesse
168,Bryan Adams,Here I am
305,Bryan Adams,Please forgive me
556,Bryan Adams,Let's make a night to remember
557,Bryan Adams,I finally found someone
1151,Bryan Adams,Run to you
1167,Bryan Adams,Can't stop this thing we started
1302,Bucks Fizz,Making your mind up
1779,Buddy Holly,Ready teddy
4426,Burt Bacharach & Elvis Costello,God give me strength
2965,Busted,Air hostess
3000,Busted,Crashed the wedding
3123,Busted,Sleeping with the light on
3142,Busted,Thunderbirds are go
3150,Busted,What I go to school for
3638,Caberet,The money song
479,Cagnet,Close to you
486,Cagnet,Hear me cry
434,Cagnet feat. Natalie,What will I do
1079,Cajsa Stina �kerstr�m,Av l�ngtan till dig
5723,Calvin Harris,Slide
5339,Calvin Harris & Disciples,How Deep Is Your Love
5340,Calvin Harris Feat. Ellie Goulding,I Need Your Love
5341,Calvin Harris Feat. John Newman,Blame
43,Candi Staton,Young hearts run free
921,Caracola,Smiling in love
5770,Cardi B,WAP
5024,Cardigans,Been it
4428,Carly Rae Jepsen,Call me maybe
4430,Carly Rae Jepsen,This kiss
3444,Carly Simon,Let the river run
3445,Carly Simon,You belong to me
3447,Carly Simon,Anticipation
3448,Carly Simon,Coming around again
3449,Carly Simon,That's the way I always heard it should be
975,Carola,Fr�mling
1002,Carola,F�ngad av en stormvind
1004,Carola,Mitt i ett �ventyr
1075,Carola,N�r l�ven faller
3008,Carola,Det �r bara vi
3234,Carole King,So far away
3252,Carole King,You've got a friend
4432,Carole King,Jazzman
4434,Carole King,Sweet seasons
4436,Carole King,Will you love me tomorrow
4438,Carole King,Home again
4440,Carole King,Way over yonder
626,Carpenters,Close to you
627,Carpenters,Yesterday once more
628,Carpenters,Top of the world
629,Carpenters,Please Mr Postman
630,Carpenters,Superstar
632,Carpenters,There's a kind of hush
715,Cascada,Everytime we touch
90,Case,Missing you
1276,Cat Stevens,Father and son
1000,Cecilia Wennersten,Det vackraste
312,Celine Dion,Where does my heart beat now
416,Celine Dion,Power of love
419,Celine Dion,Because you loved me
443,Celine Dion,My heart will go on
532,Celine Dion,The power of the dream
533,Celine Dion,Falling into you
534,Celine Dion,Think twice
537,Celine Dion,Beauty and the beast
1134,Celine Dion,A new day has come
2444,Celine Dion,I surrender
2445,Celine Dion,That's the way it is
2543,Celine Dion,Goodbye's (the saddest word)
2979,Celine Dion,Baby close your eyes
3007,Celine Dion,Declaration of love
3019,Celine Dion,The first time ever I saw your face
3028,Celine Dion,God bless America
3031,Celine Dion,The greatest reward
3033,Celine Dion,Have you ever been in love
3059,Celine Dion,Just a little bit of love
3068,Celine Dion,Live
3071,Celine Dion,Love can move mountains
3078,Celine Dion,Make you happy
3088,Celine Dion,Nature boy
3111,Celine Dion,Right in front of you
3126,Celine Dion,Sorry for love
5089,Celine Dion,Don't Save It All For Christmas Day
426,Celine Dion & Clive Griffith,When I fall in love
436,Century Oldies,The voice of love
491,Century Oldies,What is youth
2168,Chairmen of the board,Give me just a little more time
2440,Chaka Khan,Through the fire
2964,Chaka Khan,Ain't nobody
3029,Chaka Khan,Got to be there
3051,Chaka Khan,I'm every woman
3086,Chaka Khan,My funny valentine
3131,Chaka Khan,Sweet thing
3717,Chant� Moore,Straight up
5091,Charlatans,The Only One I Know
2554,Charlene,I've never been to me
3990,Charlene Soraia,Wherever you will go
4260,Charles & Eddie,Would I lie to you
1256,Charley Pride,Kiss an angel good morning
5092,Charlie Puth Feat. Meghan Trainor,Marvin Gaye
5344,Charlie Puth Feat. Meghan Trainor,Marvin Gaye
910,Charlotte Perrelli,Hero
1725,Chas & Dave,Margate
1773,Chas & Dave,No pleasing you
4099,Cheap Trick,Surrender
4441,Cheap Trick,I want you to want me
4443,Cheap Trick,Don't be cruel
4444,Cheap Trick,The flame
4445,Cheap Trick,She's tight
4447,Cheap Trick,Can't stop fallin' into love
202,Cheeky Girls,Cheeky song (Touch my bum)
1405,Cher,If I could turn back time
1478,Cher,The shoop shoop song
2969,Cher,All or nothing
3005,Cher,Dark lady
3061,Cher,Just like Jesse James
3070,Cher,Love and understanding
3072,Cher,Love hurts
3104,Cher,The power
3141,Cher,Song for the lonely
5854,Cher,Belive
1746,Cheryl Lynn,Got to be real
2372,Chess,I know him so well
2169,Chi-Lites,Oh girl
3520,Chi-Lites,Have you seen her
4230,Chic,Le freak
531,Chicago,Hard to say I'm sorry
85,Chieftains feat. The Corrs,I know my love
3987,"Chingy, Snoop Dogg & Ludacris",Holidae inn
3001,Chris Brown,Crawl
3013,Chris Brown,Dreamer
3155,Chris Brown,With you
3157,Chris Brown,Yo (excuse me)
4199,Chris Brown & Justin Bieber,Next 2 you
2416,Chris Cornell,You know my name
749,Chris Daughtry,Home
4449,Chris Isaak,Blue hotel
4450,Chris Isaak,Somebody's crying
4451,Chris Isaak,Let me down easy
4452,Chris Isaak,Life will go on
4453,Chris Isaak,One day
4456,Chris Isaak,Dark moon
4457,Chris Isaak,Think of tomorrow
4460,Chris Isaak,Flying
4320,Chris Medina,What are words
3387,Chris Rea,Auberge
3388,Chris Rea,Driving home for christmas
3390,Chris Rea,I can hear your heart beat
3395,Chris Rea,On the beach
3396,Chris Rea,Stainsby girls
3397,Chris Rea,The road to hell (part 2)
5542,Chris Stapleton,Tennessee Whickey
918,Christer Sj�gren,I love Europe
221,Christina Aguilera,Beautiful (remix)
1131,Christina Aguilera,Ain't no other man
1289,Christina Aguilera,I turn to you
1638,Christina Aguilera,Beautiful (original)
1839,Christina Aguilera,Come on over
1840,Christina Aguilera,Reflection
235,Christina Aguilera & Lil Kim,Can't hold us down
5094,Christina Aguilera And Luis Fonsi,Si No Te Hubiera Conocido
88,"Christina Aguilera, Lil Kim, Mya & Pink",Lady Marmalade
125,Christina Millian,When you look at me
2199,Chuck Berry,Roll over Beethoven
5096,Chuck Berry,Johnny B Goode
1517,Claes-G�ran Hederstr�m,Det b�rjar verka k�rlek banne mig
340,Clair Marlow,Till they take my heart away
2587,Clarence Carter,Stroking
762,Clash,Should I stay or should I go
2003,Clash,I fought the law
2004,Clash,London calling
5773,Clean Bandit ft 24Kgoldn,Tick tock
5774,Clean Bandit ft Zara Larssn,Symphony
315,Cliff Richards,Ocean deep
1466,Cliff Richards,Summer holiday
1737,Cliff Richards,Constantly
4465,Clout,Substitute
750,Colby Caillat,Bubbly
119,Coldplay,In my place
1241,Coldplay,Hardest part
2173,Coldplay,Viva la vida
4469,Coldplay,Charlie Brown
4474,Coldplay,Warning sign
4477,Coldplay,In my place
4478,Coldplay,Don't panic
4479,Coldplay,Lovers in Japan
1434,Commitments,Mustang Sally
2451,Commitments,Dark end of the street
2342,Commodores,Brick house
4253,Commodores,Three times a lady
2709,Common & John Mayer,Go
51,Connells,74-75
1199,Connie Francis,Lipstick on your collar
1201,Connie Francis,My happiness
1271,Connie Francis,Who's sorry now
5097,Connie Smith,Just For What I Am
5825,Conor Maynard,Animal
3811,Contours,Do you love me
1411,Conway Twitty,It's only make believe
4484,Conway Twitty,Linda on my mind
4487,Conway Twitty,Desperado love
4491,Conway Twitty,Crazy in love
4492,Conway Twitty,I love you more today
4494,Conway Twitty & Loretta Lynn,Lead me on
4495,Conway Twitty & Loretta Lynn,I can't love you enough
4222,Coolio,Gangsta's paradise
4498,Coolio,1234 (sumping new)
2415,Corinne Bailey Rae,Put your records on
1011,Cornelis Vreeswijk,Cecilia Lind
1022,Cornelis Vreeswijk,Somliga g�r i trasiga skor
1518,Cornelis Vreeswijk,H�nan Agda
5666,Cornelis Vreeswijk,Deidres Samba
3521,Cornelius Brothers,Treat her like a lady
4499,Corona,The rythm of the night
2519,Counting Crows,A long December
2549,Counting Crows,Holiday in Spain
2563,Counting Crows,Mr Jones
2575,Counting Crows,Round here
4502,Counting Crows,She don't want nobody near
4504,Counting Crows,Angels of the silences
4506,Counting Crows,A murder of one
4207,Craig David,All the way
2536,Cranberries,Dreams
2559,Cranberries,Linger
2576,Cranberries,Salvation
2600,Cranberries,When you're gone
2606,Cranberries,Zombie
4507,Cranberries,Promises
4508,Cranberries,This is the day
4509,Cranberries,Wake up and smell the coffee
5027,Cranberries,Free to decide
4237,Crash Test Dummies,Mmm mmm mmm mmm
3561,Creed,My sacrifice
5574,Creed,Higher
5578,Creed,Bullet
1554,Creedence Clearwater Revival,Bad moon rising
1555,Creedence Clearwater Revival,Down on the corner
1558,Creedence Clearwater Revival,Lodi
1560,Creedence Clearwater Revival,Who'll stop the rain
1561,Creedence Clearwater Revival,Lookin' out my backdoor
1563,Creedence Clearwater Revival,Long as I can see the light
1565,Creedence Clearwater Revival,Cotton fields
1566,Creedence Clearwater Revival,Born on the bayou
1567,Creedence Clearwater Revival,Hello Mary Lou
1568,Creedence Clearwater Revival,Walking on the water
1569,Creedence Clearwater Revival,Travelin' band
1571,Creedence Clearwater Revival,Have you ever seen the rain
1572,Creedence Clearwater Revival,I put a spell on you
1573,Creedence Clearwater Revival,Molina
1575,Creedence Clearwater Revival,Hey tonight
1576,Creedence Clearwater Revival,Sweet hitch-hiker
1579,Creedence Clearwater Revival,Ooby dooby
1581,Creedence Clearwater Revival,Night time is the right time
1582,Creedence Clearwater Revival,My baby left me
4214,Crowded House,Don't dream it's over
4511,Crowded House,Instinct
4512,Crowded House,It's only natural
4513,Crowded House,Weather with you
4514,Crowded House,Don't stop now
4515,Crowded House,Pineapple head
4516,Crowded House,Sister Madly
4517,Crowded House,World where you live
4518,Crowded House,Something so strong
4519,Crowded House,Better be home soon
4521,Crowded House,Fall at your feet
4522,Crowded House,Four seasons in one day
1244,Crystal Gayle,Don't it make my brown eyes blue
1252,Crystal Gayle,Talking in your sleep
1067,Cue,Burning
4523,Culture Beat,Mr Vain
4524,Culture Beat,Anything
4525,Culture beat,Take me away
56,Culture Club,Karma chameleon
2531,Culture Club,Church of the poison mind
2562,Culture Club,Miss me blind
4239,Curtis Mayfield,Move on up
3762,Curtis Stigers,I wonder why
8,Cyndi Lauper,Girls just wanna have fun
2596,Cyndi Lauper,True colours
764,D'Sound,Ain't giving up
680,Da Buzz,Dangerous
3558,Dag Vag,Popitop
4526,Damn Yankees,High enough
1672,Damned,Alone again
292,Dan Hill,Sometimes when we touch
259,Dana Secada,Angel queen
1639,Daniel Bedingfield,The way
3180,Daniel Bedingfield,Gotta get through this
689,Daniel Lindstr�m,Coming true
2106,Daniel Merriweather,Red
3256,Danny Saucedo,In the club
692,Darin,Money for nothing
712,Darin,Why does it rain
4527,Darin,Money for nothing
4528,Darin,Why does it rain
1658,Darkness,I believe in a thing called love
3376,Darlene Love,Winter wonderland
2176,Daryl Braithwaite,One summer
5731,Daryl Braithwaite,One summer
1195,Dave Edmunds,I hear you knockin'
40,David Bowie,China girl
1144,David Bowie,Let's dance
1602,David Bowie,Space oddity
3623,David Bowie,Suffragette city
2164,David Cook,Time of my life
5824,David Crosby ft Phil Collins,Hero
1177,David Lee Roth,Just a gigolo
4531,David Ruffin,Walk away from love
4532,David Ruffin,My whole world ended
1039,David Shutrick,Bl� container
161,Db Boulevard,Point of view
1235,De'lacey,Hideaway
3377,Dean Martin,"Let it snow, let it snow, let it snow"
333,Debbie Smith-Tebay,Follow your road
4176,Def Leppard,Have you ever needed someone so bad
4234,Def Leppard,Love bites
4286,Def Leppard,Rock of ages
2123,Demi Lovato,La la land
5482,Demi Lovato,Neon lights
5528,Demi Lovato,Heart attack
5483,Demi Lovato ft Cher Lloyd,Really dont care
1419,Deniece Williams,Let's hear it from the boy
835,Depeche Mode,I just can't get enough
4206,Depeche Mode,A question of lust
4241,Depeche Mode,Never let me down again
4542,Depeche Mode,Policy of truth
4543,Depeche Mode,Dream on
4546,Depeche Mode,Master and servant
4548,Depeche Mode,Dreaming of me
4551,Depeche Mode,Little 15
4552,Depeche Mode,Behind the wheel
4553,Depeche Mode,Blasphemous
4555,Depeche Mode,New life
4558,Desmond Dekker & The Aces,You can get it if you really want
2528,Destiny's Child,Bootylicious
2529,Destiny's Child,Cater 2 U
2541,Destiny's Child,Girl
2546,Destiny's Child,Happy face
2555,Destiny's Child,Independent woman
2556,Destiny's Child,Jumpin' jumpin'
2560,Destiny's Child,Lose my breath
2565,Destiny's Child,Nasty girl
2578,Destiny's Child,Say my name
2580,Destiny's Child,Sexy daddy
2585,Destiny's Child,Stand up for love
50,Diana King,Shy guy
342,Diana Ross,When you tell me that you love me
3194,Diana Ross,I'm coming out
1800,Diana Ross & Marvin Gaye,You are everything
2231,Diana Ross & The Supremes,You can't hurry love
93,Dido,Thank you
1043,Dilba,I'm sorry
752,Dima Bilan,Believe
767,Dina,Hvis
4565,Dire Straits,On every street
5489,Disney,Supercalifragilist
3560,Docent D�d,Solglas�gon
4568,Dolly Parton,Joshua
4571,Dolly Parton,Hello God
3245,Donna Summer,This time I know it's for real
4591,Donna Summer,State of independence
4593,Donna Summer,Try me I know we can make it
4595,Donna Summer,Any way at all
4596,Donna Summer,Love's unkind
4597,Donna Summer & Brooklyn Dreams,Heaven knows
2261,Doobie Brothers,Black water
5688,Dr�ngarna,Om du vill bli min fru
5669,Dr�mhus,Fantasi
4218,Eagle Eye Cherry,Falling in love again
3102,Eagles,Peaceful easy feeling
3132,Eagles,Take it easy
3135,Eagles,Tequila sunrise
1789,Eddie Cochran,Summertime blues
2182,Eddie Cochran,Three steps to heaven
2183,Eddie Cochran,C'mon everybody
690,Elin Lanto,I won't cry
726,Ellinor,Kokobom
612,Elton John,Truly
2377,Elton John,Goodbye yellow brick road
1536,Elvis Presley,Always on my mind
1540,Elvis Presley,Don't
906,Emilia,You're my world
3242,Eminem,The way I am
5115,Eminem,When I'm Gone
663,Emma,V�nner
3167,Enrique Iglesias & Lil' Wayne,Can you hear me
5121,Enya (fellowship Of The Ring Soundtrack),May It Be
1605,Erasure,Breath of life
4110,Erasure,Chorus
2479,Erik Linder,Hur kan jag tro p� k�rleken
4629,Eurythmics,When tomorrow comes
1322,Eva Cassidy,Wayfaring stranger
5127,F R David,Words
157,Faith Hill,Cry
2378,Faith Hill,Breathe
2379,Faith Hill,There you'll be
967,Fame,Vindarna v�nder oss
2124,Finsk musik,Myrskyn j�lkeen
2125,Finsk musik,Kaduilla tuulee
2126,Finsk musik,Matkalla pohjoiseen
2127,Finsk musik,Kuin joutsenlaulu
2128,Finsk musik,Viidestoista y�
2129,Finsk musik,Vaskikellot
2130,Finsk musik,Titanic
2131,Finsk musik,St pauli ja reeperbahn
2132,Finsk musik,Linnut
2133,Finsk musik,Illan varjoon himme��n
2136,Finsk musik,Moottoripy�r� on moottoripy�r�
2138,Finsk musik,Kaikki tyt�t -karakum-
2139,Finsk musik,Kaikki muuttuu -you can have her-
2140,Finsk musik,"Aurinko, kuu ja t�hdet"
2141,Finsk musik,El�m�n valttikortit
2142,Finsk musik,Juodaan viinaa
2143,Finsk musik,Kaiken takana on nainen
2144,Finsk musik,Lulu
2145,Finsk musik,Rafaelin enkeli
2146,Finsk musik,J��tel�kes�
2147,Finsk musik,Syksyn s�vel
2148,Finsk musik,Krokotiilirock -crocodile rock-
2149,Finsk musik,Nummela
2150,Finsk musik,Tahdon rakastella sinua
2152,Finsk musik,Kev�t
2153,Finsk musik,Autiotalo
2154,Finsk musik,Bensaa suonissa
2155,Finsk musik,M�rk�� rakkautta
2157,Finsk musik,Joutsenlaulu
2158,Finsk musik,Keskiy�n aikaan -I'll meet you at midnight-
2159,Finsk musik,Valo y�ss�
2160,Finsk musik,Huone 105
2161,Finsk musik,Jestas sent��n -crazy-
2162,Finsk musik,Linda linda
798,Flamingokvintetten,Sexton �r idag
5128,Flo Rida Feat. Sia,Wild Ones
5129,Flo Rida Ft. Robin Thicke & Verdine White,"I Don't Like It, I Love It"
1065,F�delsedagss�ng,Ja m� du leva
4656,Foo Fighters,These days
4658,Foo Fighters,My hero
4659,Foo Fighters,No way back
4661,Foo Fighters,Low
5817,Foo Fighters,Waiting on war
454,Fools Garden,Lemon tree
1174,Foreigner,I want to know what love is
4123,Foreigner,Waiting for a girl like you
1742,Fortunes,"Freedom come, freedom go"
1348,Foundations,Build me up buttercup
3484,Frank Marino,I'm a king be/Back door man medley
3893,Fratellis,Chelsea dagger
5696,Freddie Bell,The Bell boys
3464,Freddie King,Have you ever loved a woman
666,Fredrik Kempe,Finally
919,Frida feat. Headline,Upp o hoppa
2481,Frispr�karn,Singel
922,Fronda,Ingen m�r s� bra som jag
4670,Gary Moore & Phil Lynott,Out in the fields
704,Gavin DeGraw,I don't wanna be
3794,Gene Chandler,Duke of Earl
3485,Genesis,Mirror man
5544,Genesis,That's all
2347,George Benson,This masquerade
4128,Ginuwine,Pony
224,Girls Aloud,No good advice
250,Girls Aloud,Life got cold
1430,Gladys Knight & The Pips,Midnight train to Georgia
2306,Gladys Knight & The Pips,Neither one of us
1449,Glen Campbell,Rhinestone cowboy
2333,Glen Campbell,By the time I get to Phoenix
4124,Grand Funk Railroad,Bad time
2473,Gretty Domein,Yeba
790,Gr�nwalls,Du ringde fr�n Flen
665,G�nther & The Sunshine girls,Ding dong song
2688,Gwen Stefani,Early winter
1070,H�kan Hellstr�m,K�nn ingen sorg f�r mig G�teborg
5671,Hanna Hedlund,Anropar f�rsvunnen
1087,Harpo,Moviestar
1082,Helen Sj�holm,Gabriellas s�ng
2452,Helen Sj�holm,Du �r min man
4287,Helen Sj�holm,Sommaren du fick (Story of a heart)
3559,Hepstars,Cadillac
661,Honeypies,Stoppa mig
5144,Huey Lewis & The News,Power Of Love
5782,Huey Lewis and the news,Stuck with you
3627,Ian Dury,"Sex, drugs and rock and roll"
58,Ian Dury & The Blockheads,Hit me with your rhythm stick
3267,Idolg�nget 2010,All I need is you
1120,Il Divo,All by my self (spanska)
784,Inger Lise Rypdal,Nyorelsket 70 �r
4719,INXS,Baby don't cry
1863,Italian,Che sara
1864,Italian,Funiculi funicula
5648,J Balvin,Ginza
5650,J Balvin,Bobo
2107,Jade Ewen,It's my time
308,Jamie Benson,Stay
2615,Jamiroquai,Alright
2664,Jamiroquai,Cosmic girl
1586,Javiera,No hay nada m�s
3266,Jay Smith,Dreaming people
4202,Jedward,Lipstick
2756,Jerry Lee Lewis,Little queenie
2890,Jerry Lee Lewis,Whole lotta shakin' goin' on
1037,Jerry Williams,Did I tell you
5672,Jerry Williams,I can jive
5674,Jill Johnsson,K�rleken �r
1890,Jimmy Durante,Inka dinka do
1891,Jimmy Durante,Smile
653,Jimmy Jansson,Godmorron v�rlden
1741,Jimmy Rogers,English country garden
1074,Joakim Th�str�m,M�rk hur v�r skugga
2497,Johannes Bah Kuhnke,Tonight
2408,John Legend,So high
2868,John Legend,Used to love you
4750,John Legend,Hey girl
1228,John Loudermilk,The language of love
2661,John Mayer,Clarity
266,John O'Banion,Satomi hakken
1688,Johnny Cash,Ring of fire
2063,Johnny Cash,I walk the line
2363,Johnny Cash,Highwayman
2062,Johnny Cash & June Carter,Jackson
1692,Johnny Duncan,Last train to San Fernando
287,Johnny Logan,Hold me now
3380,Johnny Mathis,Have yourself a merry little christmas
2303,Johnny Mathis & Deniece Williams,"Too much, too little, too late"
2326,Johnny Nash,The lion sleeps tonight
3498,Johnny Rivers,Secret agent man
1207,Johnny Tillotson,Poetry in motion
1054,Jokkmokks-Jokke,Gulli-gullan
1066,Jonas Gardell,Aldrig skall jag sluta �lska dig
992,Josefin Nilsson,Med hj�rtats egna ord
3279,Josh Groban,Believe
3315,Josh Groban,Home to stay
3335,Josh Groban,My confession
3359,Josh Groban,When you say you love me
3363,Josh Groban,You are loved (don't give up)
373,Joshua Kadison,Beautiful in my eyes
3285,Joshua Radin,Brand new day
1651,Joss Stone,You had me
1664,Joss Stone,Don't cha wanna ride
2201,Journey,Don't stop believin'
2627,Journey,Be good to yourself
2753,Journey,Lights
3653,Journey,Remember me
3686,Journey,When you love a woman
3330,Joy Division,Love will tear us apart
3718,Joy Enriquez,Tell me how you feel
2386,Juanes,La camisa negra
4196,Juanes,Me enamora
4293,Juanes,La paga
4295,Juanes,Volverte a ver
4292,Juanes & Colbie Caillat,Hoy me voy
2304,Judds,Love can build a bridge
2289,Judy Garland,Over the rainbow
1971,Juls�ng,Bj�llerklang
1972,Juls�ng,Gl�ns �ver sj� och strand
1973,Juls�ng,Hej mitt vinterland
1974,Juls�ng,Jul igen
1975,Juls�ng,Jul jul str�lande jul
1977,Juls�ng,Lusse lelle
1978,Juls�ng,Jul medley
1979,Juls�ng,Nu t�ndas tusen juleljus
1980,Juls�ng,N�r det lider mot jul
1981,Juls�ng,N�r juldagsmorgon glimmar
1982,Juls�ng,O helga natt
1983,Juls�ng,Sankta Lucia
1984,Juls�ng,Ser du stj�rnan i det bl�
1985,Juls�ng,Staffansvisan
1986,Juls�ng,Stilla natt
3374,Juls�ng,Santa Claus is coming to town
3385,Juls�ng,"Silent night, holy night"
3386,Juls�ng,Jingle bells
223,Junior Senior,Move your feet
4190,Justin Bieber,One time
4193,Justin Bieber,Never let you go
5392,Justin Bieber,I'll Show You
5395,Justin Bieber,What Do You Mean
5658,Justin Bieber,10000 hours
5787,Justin Bieber,Anyonoe
4194,Justin Bieber & Jayden Smith,Never say never
5173,Justin Bieber Feat. Big Sean,As Long As You Love Me
5174,Justin Bieber Feat. Nicki Minaj,Beauty And The Beat
5788,Justin Bieber ft Chance the rapper,Holy
5609,Justin Bieber ft Ed sheeran,I don't care
163,Justin Timberlake,Like I love you
1129,Justin Timberlake,Sexyback
4757,Justin Timberlake,Summer love
4761,Justin Timberlake,Last night
4762,Justin Timberlake,Chop me up
5396,Justin Timberlake,Can't Stop The Feeling!
4461,Justin Timberlake & Ciara,Love sex magic
5537,Justin Timberlake Feat Chris Stapleton,Say Something
2490,Kalle Moraeus & Orsa spelm�n,Underbart
3290,Kansas,Carry on wayward son
4144,Kansas,Play the game tonight
4763,Kansas,Point of know return
4764,Kansas,Fight fire with fire
2762,Kanye West,Love lockdown
2861,Kanye West,Touch the sky
5546,Kanye West,Amazing
1774,Karen Young,Nobody's child
960,Karl Martindahl,Love turns water into wine
5176,Kate Nash,Foundations
5177,Kate Nash,Do Wah Doo
3486,Katrina & The Waves,Walking on sunshine
3352,Katy Perry,Teenage dream
4765,Katy Perry,Hot 'n cold
5178,Katy Perry,Birthday
5656,Katy Perry,Small talk
5179,Katy Perry Feat Snoop Dogg,California Gurls
5180,Katy Perry Feat. Juicy J,Dark Horse
1951,KC & The Sunshine Band,That's the way I like it
1957,KC & The Sunshine Band,I'm your boogie man
4242,KC & The Sunshine Band,Please don't go
2203,Keane,Everybody's changing
4767,Keane,Everybody's changing
2391,Keith Urban,Kiss a girl
2518,Keith Urban,Only you can love me this way
2731,Keith Urban,I told you so
2838,Keith Urban,Stupid boy
2844,Keith Urban,Sweet thing
2893,Keith Urban,Wouldn't wanna be me
83,Kele Le Roc,My love
249,Kelly Clarkson,Miss Independent
816,Kelly Clarkson,Behind these hazel eyes
1119,Kelly Clarkson,Breakaway
1133,Kelly Clarkson,Because of you
1239,Kelly Clarkson,Walk away
2110,Kelly Clarkson,I do not hook up
3336,Kelly Clarkson,My life would suck without you
136,Kelly Llorenna,Tell it to my heart
226,Kelly Rowland,Can't nobody
3711,Kenny Chesney,Don't happen twice
4768,Kenny Loggins,Danger Zone (Top Gun)
4769,Kenny Loggins,This is it
4770,Kenny Loggins,Danny's song
4772,Kenny Loggins,The real thing
4773,Kenny Loggins,Forever
4776,Kenny Loggins,I'm alright
4777,Kenny Loggins,Nobody's fool
5877,Kesha,Die young
5878,Kesha,Praying
5882,Kesha,Your love is my drug
5883,Kesha,Blah Blah Blah
5884,Kesha,Crazy kids
5182,Kevin Lyttle,Turn Me On
2204,Kid Cudi vs. Crookers,Day n' nite
217,Kid Rock & Sheryl Crow,Picture
814,"Kikki, Bettan och Lotta",Vem e det du vill ha
2618,Killers,Andy you're a star
2825,Killers,Somebody told me
2884,Killers,When you were young
3280,Kim Carnes,Bette Davis eyes
2466,Kim Fransson,3 floors down
4108,Kim Wilde,You came
2428,Kings of Leon,Use somebody
4197,Kings of Leon,Radioactive
2334,Kingsmen,"Louie, Louie"
2341,Kinks,Lola
2503,Kinks,Waterloo sunset
3600,Kinks,All day and all of the night
3602,Kinks,Ape man
3603,Kinks,Autumn almanac
3604,Kinks,Come dancing
3607,Kinks,Don't forget to dance
3608,Kinks,See my friends
761,Kiss,Rock and roll all nite
1703,Kiss,Love gun
2192,Kiss,God gave rock and roll to you
3292,Kiss,Crazy crazy nights
3325,Kiss,Lick it up
4102,Kiss,Heaven's on fire
4782,Kitty Wells,Makin' believe
4783,Kitty Wells,Searching (for someone like you)
2237,Kooks,Naive
1352,Kool & The Gang,Celebration
2629,Korn,Beat it upright
2707,Korn,Freak on a leash
4786,Korn,Make me bad
748,Kurt Nilsen,Rise to the occasion
5654,Kygo,Higher love
5183,Kygo Ft. Conrad Sewell,Firestone
141,Kylie Minogue,Come into my world
511,Kylie Minogue,On a night like this
1153,Kylie Minogue,The locomotion
1445,Kylie Minogue,Red blooded woman
1653,Kylie Minogue,Slow
337,Kylie Minogue & Jason Donovan,Especially for you
3329,Lady Antebellum,Love don't live here
3341,Lady Antebellum,Our kind of love
2429,Lady Gaga,Bad romance
2730,Lady Gaga,I like it rough
3348,Lady Gaga,Speechless
5549,Lady Gaga,The edge of glory
5615,Lady Gaga,Look what i found
5616,Lady Gaga,Always remember us this way
2660,Lady Gaga & Wale,Chillin
3353,Lady Gaga feat. Beyonce,Telephone
2832,"Lady Gaga, Space Cowboy & Flo Rida",Starstruck
2122,Ladyhawke,Back of the van
2394,Lars Winnerb�ck & Miss Lee,Om du l�mnar mig nu
799,Lasse Berghagen,Str�ck ut din hand
1023,Lasse Berghagen,Teddybj�rnen Fredriksson
502,LeAnn Rimes,Can't fight the moonlight
1655,LeAnn Rimes,How do I live (dance mix)
2625,Led Zeppelin,Babe I'm gonna leave you
2640,Led Zeppelin,Black dog
2737,Led Zeppelin,Immigrant song
2794,Led Zeppelin,Ramble on
2803,Led Zeppelin,Rock and roll
2889,Led Zeppelin,Whole lotta love
4789,Led Zeppelin,When the levee breaks
3696,Lee Greenwood,Another year of love
5402,Lee Greenwood,God Bless The Usa
3230,Lena Meyer-Landrut,Satellite
694,Lena PH,P� gatan d�r jag bor
955,Lena PH,Det g�r ont
970,Lena PH,Dansa i neon
977,Lena PH,K�rleken �r evig
4314,Lena PH,Vem kan man lita p�
1017,Lena Wisborg,Idas sommarvisa
2448,Lenny Kravitz,Are you gonna go my way
2676,Lenny Kravitz,Dig in
2727,Lenny Kravitz,I belong to you
2804,Lenny Kravitz,Rock and roll is dead
4790,Lenny Kravitz,Lady
4791,Lenny Kravitz,Stillness of heart
4792,Lenny Kravitz,Where are we runnin'
4794,Lenny Kravitz,Heaven help
4796,Lenny Kravitz,Can't get you off my mind
4797,Lenny Kravitz,I'll be waiting
746,Leona Lewis,Bleeding love
3272,Leona Lewis,A moment like this
3281,Leona Lewis,Better in time
3584,Leona Lewis,I will be
4801,Level 42,Lessons in love
4802,Level 42,Love games
189,Liberty X,Holding on for you
3309,Lifehouse,Halfway gone
3362,Lifehouse,You and me
518,Lighthouse Family,Lifted
5810,Lil Naz X,Call me by your name
5816,Lil Uzi Vert,XO tour
2781,Lili & Sussie,Okey okey
1053,Lill Lindfors,Du �r den ende
5196,Lilly Wood & The Prick And Robin Schulz,Prayer In C
3278,Limp Bizkit,Behind blue eyes
3299,Limp Bizkit,Eat you alive
3307,Limp Bizkit,Gimme the mic
3337,Limp Bizkit,My way
3262,Linda Bengtzing,E det fel p� mig
2478,Linda Pritchard,You're making me hot-hot-hot
495,Linda Ronstadt & Aron Neville,Don't know much
429,Linda Ronstadt & James Ingram,Somewhere out there
2501,Lion King,Hakuna matata
271,Lionel Richie,Truly
294,Lionel Richie,Do it to me
298,Lionel Richie,You are
607,Lionel Richie,"Say you, say me"
608,Lionel Richie,Three times a lady
1330,Lionel Richie,All night long
3298,Lionel Richie,Easy
4805,Lionel Richie,Still
4806,Lionel Richie,Angel
4807,Lionel Richie,Ballerina girl
4808,Lionel Richie,Don't wanna lose you
4809,Lionel Richie,My destiny
4810,Lionel Richie,I hear your voice
484,Lionel Richie & Diana Ross,Endless love
1042,Lisa Nilsson,Himlen runt h�rnet
1072,Lisa Nilsson,L�ngsamt farv�l
1528,Lisa Nilsson,Varje g�ng jag ser dig
4100,Little Mermaid,Part of your world (Disney)
1220,Little Richard,The girl can't help it
812,Liverpool,Love is all
24,Livin' Joy,Dreamer
5887,Lizzo,Special
5634,Lizzo,Good as hell
5635,Lizzo,Juice
1007,Loa Falkman,Symfoni
4816,Lonely Island feat Akon,I just had sex
2327,Looking Glass,Brandy (you're a fine girl)
716,Lordi,Hard rock hallelujah
3409,Loretta Lynn,Coal miner's daughter
2206,Lou Bega,Mambo No5
1274,Lou Rawls,You'll never find another love like mine
2423,Lou Reed,Perfect day
2654,Lou Reed,Caroline says
1883,Louis Armstrong,When the saints go marching in
1884,Louis Armstrong,Mack the knife
1885,Louis Armstrong,Hello Dolly
1886,Louis Armstrong,Blueberry hill
1888,Louis Armstrong,A kiss to build the dream
1897,Louis Prima,Just a gigolo (ain't nobody)
1896,Louis Prima & Keely Smith,I got you under my skin
1044,Louise Hoffsten,Let the best man win
3487,Loverboy,Working for the weekend
2494,Lovestoned,Thursdays
701,Luca feat. Deejay Jay,Bachi bachi
5403,Luis Fonsi & Daddy Yankee feat. Justin Bieber,Despacito
5890,Luke Combs,Fast Car
2735,Luther Vandross,If I ruled the world
2774,Luther Vandross,Never too much
2792,Luther Vandross,Power of love
2692,Luther Vandross & Mariah Carey,Endless love
5405,Lutricia McNeal,Ain't that just the way
2064,Lynn Anderson,Rose garden
2058,Lynyrd Skynyrd,Sweet home Alabama
3468,Lynyrd Skynyrd,Call me the breeze
3469,Lynyrd Skynyrd,Simple man
3471,Lynyrd Skynyrd,Tuesday's gone
1433,M People,Moving on up
3304,M2M,Everything you do
1402,Macey Gray,I try
5202,Macklemore & Ryan Lewis Feat Wanz,Thrift Shop (explicit)
5203,Macklemore & Ryan Lewis Feat. Mary Lambert,Same Love (duet)
5204,Macklemore & Ryan Lewis Feat. Ray Dalton,Can't Hold Us
5205,Macklemore & Ryan Lewis Feat. Schoolboy Q And Holl,White Walls
1336,Madness,Baggy trousers
2686,Madness,Driving in my car
2725,Madness,House of fun
2766,Madness,Lovestruck
2787,Madness,Our house
103,Madonna,Die another day
206,Madonna,American life
378,Madonna,I'll remember
430,Madonna,American pie
559,Madonna,Love don't live here anymore
563,Madonna,True blue
565,Madonna,Crazy for you
567,Madonna,Reach
568,Madonna,It's too late
1234,Madonna,Get together
1804,Madonna,Ray of light
1805,Madonna,Take a bow
1806,Madonna,You'll see
1809,Madonna,La isla bonita
1810,Madonna,Dress you up
3360,Madonna,Vouge
5206,Magic!,Rude
938,Magnus B�cklund,The name of love
2459,Magnus Uggla,Efterfest
2468,Magnus Uggla,Jag m�r illa
4083,Magnus Uggla,P�rlor �t svin
5677,Magnus Uggla,Nitar & l�der
5891,M�neskin,I wanna be your slave
5896,M�neskin,Beggin
3750,Manfred Mann,Davy's on the road again
3321,Manic street preachers,If you tolerate this your children will be next
3367,Manic street preachers,Your love alone (is not enough)
4818,Manowar,Kings of metal
731,M�ns Zelmerl�w,Work of art (Da Vinci)
902,M�ns Zelmerl�w,Hope and glory
926,M�ns Zelmerl�w,Cara mia
771,Maria Arrendondo,Mad summer
321,Mariah Carey,I'll be there
470,Mariah Carey,Against all odds
615,Mariah Carey,Forever
616,Mariah Carey,Love takes time
617,Mariah Carey,Open arms
618,Mariah Carey,One sweet day
619,Mariah Carey,Vision of love
620,Mariah Carey,Lollipop
1292,Mariah Carey,Say somethin'
1311,Mariah Carey,Lead the way
2095,Mariah Carey,I don't wanna cry
2437,Mariah Carey,You need me
2438,Mariah Carey,My all
3275,Mariah Carey,All I want for christmas is you
3277,Mariah Carey,Anytime you need a friend
3339,Mariah Carey,Never too far
3358,Mariah Carey,When I saw you
4819,Mariah Carey,Can't take that away (Mariah's theme)
4821,Mariah Carey,Through the rain
4822,Mariah Carey,I want to know what love is
4823,Mariah Carey,Angels cry
4826,Mariah Carey,All in your mind
4828,Mariah Carey,Someday
4833,Mariah Carey,Never forget you
4835,Mariah Carey,Fly like a bird
928,Marie Lindberg,Trying to recall
1242,Marilyn Manson,Sweet dreams (are made of this)
1993,Mark Chesnutt,It's a little too late
3697,Mark Collie,Where there's smoke
447,Mark Dinning,The world is getting smaller
676,Markoolio,Rocka p�
684,Markoolio,In med bollen
728,Markoolio,Ingen sommar utan reggae
729,Markoolio & Linda Bengtzing,V�rsta schlagern
5534,Maroon 5,Girls like you
709,Maroon 5,She will be loved
1673,Maroon 5,Sunday morning
5792,Maroon 5,Nobodys love
4844,Maroon 5 feat Wiz Khalifa,Payphone
723,Martin Stenmarck,7 milakliv
944,Martin Stenmarck,Las Vegas
2356,Marvin Gaye,Let's get it on
2579,Marvin Gaye,Sexual healing
1313,Mary Chapin Carpenter,Passionate kisses
1482,Mary Hopkins,Those were the days
1325,Matchbox,Rockabilly rebel
216,Matchbox Twenty,Unwell
576,Matt Monro,The impossible dream
577,Matt Monro,Born free
1772,Matt Monro,If I never sing another song
1794,Matt Monro,Walk away
2210,Matthew Wilder,Break my stride
437,Maureen McGovern,The morning after
3350,Maurice Williams & The Zodiacs,Stay
1031,Mauro Scocco,Sarah
2054,Mavericks,Dance the night away
1659,McFly,All about you
2680,McFly,Do ya
2732,McFly,I'll be okay
2751,McFly,Lies
2780,McFly,Obviously
351,Meatloaf,I would do anything for love
1338,Meatloaf,Bat out of hell
4319,Melissa Horn,Jag saknar dig mindre och mindre
1138,Men At Work,Down under
1798,Merseybeats,Wishin' and a hopin'
1848,Metallica,Nothing else matters
1849,Metallica,Wherever I may roam
4851,Metallica,All nightmare long
3585,Metro Station,Kelsey
4179,Mgmt,Kids
3342,Mia,Paper planes
282,Michael Bolton,Don't make me wait for love
523,Michael Bolton,How am I supposed to live without you
548,Michael Bolton,When a man loves a woman
550,Michael Bolton,Lean on me
551,Michael Bolton,Said I love you...but I lied
553,Michael Bolton,Love is a wonderful thing
1663,Michael Buble,Sway
5410,Michael Buble,A song for you
263,Michael Cretu,Moonlight flower
1729,Michael Holiday,Starry eyed
304,Michael Jackson,Heal the world
515,Michael Jackson,Earthsong
590,Michael Jackson,You are not alone
843,Michael Jackson,Black or white
844,Michael Jackson,Man in the mirror
845,Michael Jackson,The way you make me feel
2101,Michael Jackson,Beat it
2213,Michael Jackson,They don't care about us
2315,Michael Jackson,Bad
4853,Michael Jackson,Human nature
375,Michael learns to rock,25 minutes
453,Michael learns to rock,Paint my love
578,Michael learns to rock,Breaking my heart
579,Michael learns to rock,How many hours
581,Michael learns to rock,Sleeping child
582,Michael learns to rock,Out of the blue
583,Michael learns to rock,Crazy dream
3786,Michael McDonald,"Signed, sealed, delivered"
254,Michelle Branch,Are you happy now
1379,Michelle Branch feat. Santana,Game of love
3434,Mick Jagger & Sheryl Crow,Old habits die hard
3555,Midsommars�ng,Sm� grodorna
660,Miio feat. Ayo,Ska vi g� hem till dig
2191,Miio feat. Ayo,Fantasi
2395,Mika,We are golden
2636,Mika,Big girl
2717,Mika,Happy ending
2764,Mika,Love today
2799,Mika,Relax
3326,Mika,Lollipop
4857,Mike & The Mechanics,All I need is a miracle
4859,Mike & The Mechanics,Now that you've gone
4860,Mike & The Mechanics,Word of mouth
4861,Mike & The Mechanics,Another cup of coffee
3334,Mike Oldfield,Moonlight shadow
276,Mike Reno & Ann Wilson,Almost paradise
5530,Mike WMI ft Miley Cyrus,23
5504,Miley Cyrus,We can't stop
1034,Millas Mirakel,Rytmen av ett regn
3308,Milli Vanilli,Girl you know it's true
465,Minnie Reperton,Loving you
241,Mis-Teeq,Can't get it back
4160,Missy Elliott,Lose control
4181,Missy Elliott,Ching-a-ling
5215,Mkto,Thank You
3660,Molly Hatchet,Dreams I'll never see
908,Molly Sand�n,S� vill stj�rnorna
4288,Molly Sand�n,Hallelujah
4311,Molly Sand�n,Why am I crying
1196,Monkees,I'm a believer
1358,Monkees,Daydream believer
4111,Monty Python,Always look on the bright side of life
2457,Morrissey,You have killed me
4862,Morrissey,Everyday is like Sunday
4863,Morrissey,The last of the famous international playboys
1704,Motley Crue,Shout at the devil
1919,Motley Crue,Smokin' in the boys room
1922,Motley Crue,Looks that kill
1923,Motley Crue,Wildside
2610,Mot�rhead,Ace of spades
2174,Moulin Rouge,Come what may
2175,Moulin Rouge,Your song
316,Mr Big,To be with you
5217,Mr Big,Wild World
5411,Mr President,Coco Jamboo
2337,Mr Rogers,Won't you be my neighbour
1694,Muddy Waters,Got my mojo working
5219,Mumford And Sons,Little Lion Man
1408,Mungo Jerry,In the summertime
4867,Murray Head,One night in Bangkok
4169,Muse,Stockholm syndrome
4186,Muse,Uprising
4189,Muse,Undisclosed desires
3643,Music Man,Till there was you
1990,My Fair Lady,Get me to the church on time
334,N Sync,Fallen
4106,N Sync,Just got paid
4147,N Sync,Pop
4269,N Sync,It's gonna be me
4270,N Sync,This I promise you
5221,N.e.r.d.,She Wants To Move
356,Nance Griffith,Late night grand hotel
985,Nanne Gr�nwall,Avundsjuk
1765,Nat King Cole,Let's face the music and dance
322,Nat King Cole & Natalie Cole,Unforgettable
1952,Natalie Cole,Pink cadillac
3744,Natalie Cole,Cry me a river
4156,Natalie Imbruglia,Shiver
529,Nazareth,Love hurts
848,Ne-Yo,Because of you
1468,Neil Diamond,Sweet Caroline
1764,Neil Diamond,Kentucky woman
1790,Neil Diamond,Grass won't pay no mind
3769,Neil Diamond,Hello again
3770,Neil Diamond,Holly holy
3774,Neil Diamond,September morn
5222,Neil Diamond,I'm A Believer
1693,Neil Young,Harvest moon
3414,Neil Young,Rocking in the free world
3579,Neil Young,Heart of gold
4869,Neil Young,Cinnamon girl
4870,Neil Young,Let's roll
4871,Neil Young,After the gold rush
120,Nelly,Hot in herre
5794,Nelly ft Florida georgia line,Lil bit
2482,Neo,Human frontier
4874,Nerd,Maybe
788,New Jordal Swingers,Tornerose
5223,New Kids On Block,Step By Step
4877,New kids on the block,Hangin' tough
1728,New Seekers,"Beg, steal or borrow"
3400,New Seekers,"Look what they've done to my song, ma"
3716,Newsboys,I'm not ashamed
682,Nic & The Family,Hej hej Monika
1010,Nick Borgen,We are all the winners
4259,"Nick Cave, The Bad Seeds & Kylie Minogue",Where the wild roses grow
721,Nick Lachey,What's left of me
745,Nickelback,Rockstar
3562,Nickelback,Too bad
4246,Nickelback,Saving me
4299,Nickelback,This afternoon
636,Niklas Str�mstedt,Flickor talar om k�rleken
664,Nina & Kim,Bortom tid och rum (Universe of love)
957,Nina & Kim,En g�ng f�r alla
849,Nirvana,Come as you are
5413,Nirvana,Heart-shaped Box
121,No Doubt,Hella good
1295,No Doubt,Don't speak
1665,No Doubt,Come on Eileen
192,Norah Jones,Come away with me
915,Nordman,I l�gornas sken
953,Nordman,�det var min v�g
499,Norieve R18,Just tell me you love me
5414,NWA,Express Yourself
5415,NWA,Straight Outta Compton
1959,O'Jays,Back stabbers
3525,O'Jays,Use ta be my girl
3586,Oar,This town
45,Oasis,Some might say
199,Oasis,Songbird
1708,Oasis,Don't look back in anger
1709,Oasis,Lyla
3668,Oasis,Champagne supernova
3671,Oasis,Cigarettes and alcohol
3672,Oasis,Live forever
3674,Oasis,Roll with it
3675,Oasis,Stay young
3677,Oasis,It's getting better
3680,Oasis,D'you know what I mean
3841,Oasis,Live forever
5822,Oasis,Songbird
2404,Offspring,Pretty fly for a white guy
5228,Offspring,She's Got Issues
5419,Offspring,The Kids Aren't Alright
732,Oh Laura,Release me
5679,Ola Magnell,P�tal�ten
733,Ola Svensson,Natalie
923,Ola Svensson,Love in stereo
2469,Ola Svensson,Unstoppable
773,Ole Ivars,Spelmannsblod
348,Oleta Adams,Get here
3645,Oliver,Consider yourself
1389,Olivia Newton-John,Hopelesly devoted to you
1001,Olsen Brothers,Fly on the wings of love
5230,Omi,Cheerleader (felix Jaehn Remix)
4881,One Direction,Gotta be you
4882,One Direction,More than this
4883,One Direction,Stole my heart
4884,One Direction,One thing
4887,One Direction,Kiss you
5231,One Direction,Best Song Ever
5234,One Direction,Fireproof
5236,One Direction,Night Changes
5238,One Republic,Secrets
5897,OneRepublic,Runaway
1033,Orup,Jag blir hellre jagad av vargar
1081,Orup,D� st�r pojkarna p� rad
5686,Orup,Stockholm
3270,Oscar Linnros,Fr�n och med du
1590,�sten med Resten,Hon kommer med solsken
1360,Otis Redding,Sittin' on the dock of the bay
683,Outkast,Hey ya
1080,Owe Th�rnqvist,Dagny
5795,Owl City,My everything
3890,Paolo Nutini,Last request
3962,Paolo Nutini,Candy
2074,Papa Dee,The first cut is the deepest
130,Papa Roach,She loves me not
3921,Papa Roach,Take me
3922,Papa Roach,Time and time again
720,Paris Hilton,Stars are blind
2340,Partridge Family,I think I love you
448,Past Oldies,A lover's concerto
467,Past Oldies,Here's a heart
2253,Pat Benatar,Hit me with your best shot
4894,Pat Boone,Speedy Gonzales
2450,Patsy Cline,She's got you
1769,Paul Anka,Lonely boy
5241,Paul Evans,Hello This Is Joannie
1365,Paul McCartney & Stevie Wonder,Ebony and ivory
2765,Paul Simon,Loves me like a rock
2835,Paul Simon,Still crazy after all these years
2894,Paul Simon,You can call me Al
1200,Paul Simon & Art Garfunkel,Mrs Robinson
3827,Paul Simon & Art Garfunkel,Times they are a changing
323,Paul Young,For you babies
5,Paula Abdul,Straight up
326,Paula Abdul,"Rush, rush"
267,Peabo Bryson,If ever you're in my arms again
431,Peabo Bryson & Regina Bell,A whole new world
659,Peaches,Rosa helikopter
2621,Pearl Jam,Animal
2638,Pearl Jam,Black
2671,Pearl Jam,Daughter
2695,Pearl Jam,Even flow
2742,Pearl Jam,Jeremy
2752,Pearl Jam,Light years
2778,Pearl Jam,Nothing as it seems
2830,Pearl Jam,Spin the black circle
3903,Pearl Jam,Last kiss
4895,Pearl Jam,Just breathe
735,Per Gessle,En h�ndig man
1327,Percy Sledge,When a man loves a woman
804,Pernilla Wahlgren & Jan Johansen,Let your spirit fly
283,Perry Como,And I love you so
1791,Perry Como,Delaware
2431,Pet Shop Boys,Always on my mind
3809,Pet Shop Boys,It's a sin
3826,Pet Shop Boys,Go west
3828,Pet Shop Boys,Being boring
3829,Pet Shop Boys,Domino dancing
3855,Pet Shop Boys,New York city boy
3840,Peter Andre,Mysterious girl
352,Peter Cetera,After all
2354,Peter Cetera,Glory of love
3764,Peter Cetera & Amy Grant,Next time I fall in love
5243,Peter Gabriel,In Your Eyes
5244,Peter Gabriel,Big Time
5245,Peter Gabriel,Red Rain
2483,Peter J�back,Hollow
1525,Peter Lundblad,Ta mig till havet
888,"Peter, Paul & Mary",Puff the magic dragon
966,Petra Nielsen,Tango!tango!
1364,Petula Clark,Downtown
5247,Phantom Of The Opera,Music Of The Night
2652,Phantom Planet (Orange County),California
5508,Pharrel Williams,Happy
538,Phil Collins,A groovy kind of love
540,Phil Collins,One more night
541,Phil Collins,Another day in paradise
644,Phil Collins,Easy lover
1383,Phil Collins,Groovy kind of love
1617,Phil Collins,Don't let him steal your heart away
3807,Phil Collins,Sussudio
1718,Phoebe Snow,Something real
167,Pink,Eventually
174,Pink,Don't let me get me
234,Pink,Feel good time
1231,Pink,Stupid girls
1243,Pink,Who knew
3594,Pink,Please don't leave me
3973,Pink,Raise your glass
5611,Pink,Walk me home
5653,Pink,Can we pretend
5899,Pink,Trustfall
5539,Pink Floyd,Arnold Layne
2402,Pink Floyd,Another brick in the wall
3937,Pink Floyd,Learning to fly
3941,Pink Floyd,Keep talking
3942,Pink Floyd,On the turning away
3946,Pink Floyd,Wish you were here
3646,Pippen,Corner of the sky
5420,Pitbull feat. Christina Aguilera,Feel this moment
5251,Pitbull Feat. Ke$ha,Timber
5252,Pitbull Feat. Marc Anthony,Rain Over Me
4200,"Pitbull feat. Ne-Yo, Afrojack & Nayer",Give me everything (tonight)
2219,Plain White T's,Hey there Delilah
1457,Platters,Smoke gets in your eyes
3265,Plura,Logiskt
3688,Poe,Hello
5255,Pogues,Dirty Old Town
5256,Pogues & Kirsty Maccoll,Fairytale Of Newyork
1368,Poison,Every rose has it's thorn
4903,Poison,I won't forget you
5257,Poison,Something To Believe In
1147,Police,Message in a bottle
937,Poodles,Night of passion
5676,Poodles,Night of passion
5811,Pop Smoke,What you know about love
5797,Posion,I want action
5799,Posion,Yoour mama don't dance
5562,Post Malone,Stay
5800,Post Malone,White iverson
766,Postgirobygget,En solskinnsdag
4904,"Pras Michel, Obd & Mya",Ghetto superstar (duet)
4048,Prefab Sprout,When love breaks down
372,Pretenders,I'll stand by you
1187,Pretenders,Back on the chain gang
3598,Pretenders,Middle of the road
3599,Pretenders,Mystery achievement
3889,Primal Scream,Country girl
852,Prince,1999
854,Prince,When doves cry
2674,Prince,Diamonds and pearls
2757,Prince,Little red corvette
2813,Prince,Sexy motherfucker
4905,Prince,I wanna be your lover
4906,Prince,Pussy control
4908,Prince,Alphabet street
4910,Prince and the new power generation,Cream
4911,Prince and the revolution,Raspberry beret
4018,Proclaimers,Letter from America
4912,Psy,Gangnam style
5718,PSY,Gentlemen
5563,Puff daddy,I'll be missing you
173,"Puff Daddy, Usher & Loon",I need a girl
29,Pulp,Common people
4913,Pulp,Help the aged
4915,Pulp,Sorted for E's and Wizz
4916,Pulp,Mile end
4917,Pulp,Monday morning
1966,Pussycat,Mississippi
1312,Pussycat Dolls,Buttons
2493,Py B�ckman,Magisk stj�rna
1186,Queen,We will rock you
1596,Queen,I'm going slightly mad
2245,Queen,We are the champions
2246,Queen,The show must go on
2316,Queen,Crazy little thing called love
2320,Queen,Another one bites the dust
2373,Queen,Killer queen
2682,Queen,Don't stop me now
3823,Queen,I want it all
5258,Queen,Flash's Theme
5643,Queen,Bicycle race
5644,Queen,Breakthru�
5645,Queen,Friends will be friends
5646,Queen,Who wants to live forever
5647,Queen,Hammer to fall
4918,Queensryche,Eyes of a stranger
4920,Queensryche,Real world
77,R Kelly,When a woman's fed up
1391,R Kelly,I believe I can fly
2626,R Kelly,Bad man
2651,R Kelly,Burning up
4922,R Kelly,If I could turn back the hands of time
4923,R Kelly,The worlds greatest
4924,R Kelly,Down low (nobody has to know)
4927,R Kelly,Love letter
5259,R Kelly,Slow Wind
4928,R Kelly & Public Announcement,She's got that vibe
4929,R Kelly & T-Pain,I'm a flirt
5819,R.E.M,star 69
5826,R.E.M,aftermath
5827,R.E.M,At my most beautiful
245,Rachel Stevens,Sweet dreams
4931,Radiohead,Karma police
4933,Radiohead,Paranoid android
4934,Radiohead,No surprises
4935,Radiohead,Optimistic
4936,Radiohead,High and dry
2641,Rage against the machine,Bombtrack
2647,Rage against the machine,Bullet in the head
2649,Rage against the machine,Bulls on parade
2874,Rage against the machine,Wake up
4046,Rainbow,All night long
2009,Ralph McTell,Streets of London
4092,Rammstein,Du hast (english)
5802,Ramones,Pet semetary
5803,Ramones,Blietzkrieg Bop
5804,Ramones,I wanna be sedated
5828,Ramones,The KKK took my baby away
1614,Randy Crawford,Street life
3745,Randy Crawford,Almaz
2274,Randy Travis,Forever and ever amen
2665,Randy Travis,Cowboy boogie
2718,Randy Travis,Hard rock bottom of your heart
3932,Randy Travis,Three wooden crosses
1013,Rankarna,Det �r inte s� l�tt att va �dmjuk
1021,Rankarna,Peta in en pinne i brasan
1032,Ratata,Glad att det �r �ver
3630,Ray Charles,Shake a tailfeather
2285,Ray Price,For the good times
685,Raymond & Maria,Ingen vill veta var du k�pt din tr�ja
1499,Real Thing,You to me are everything
3698,Reba McEntire,Now you tell me
5540,Red hot chili peppers,Hump de bump
194,Red hot chili peppers,Zephyr song
856,Red hot chili peppers,Can't stop
1301,Red hot chili peppers,Dani California
2221,Red hot chili peppers,Under the bridge
3879,Red hot chili peppers,Give it away
3927,Red hot chili peppers,Scar tissue
3939,Red hot chili peppers,Higher ground
939,Rednex,Mama take me home
12,Reel 2 Reel,I like to move it
4941,Regina Spektor,Samson
1369,Rem,Everybody hurts
1422,Rem,Losing my religion
4944,Rem,Man on the moon
4945,Rem,What's the frequency Kenneth
4948,Reo Speedwagon,Can't fight this feeling
4949,Reo Speedwagon,Keep on loving you
3699,Restless Heart,That rock won't roll
3700,Restless Heart,Hometown boy
3631,Rex Smith,Take my breath away
599,Richard Marx,Right here waiting
601,Richard Marx,Lady in red
602,Richard Marx,Until I find you again
3435,Richard Marx,Ready to fly
3557,Richard Marx,Children of the night
3727,Richard Marx,Angelia
269,Richard Sanderson,Reality
892,Rick Astley,Together forever
1148,Rick Astley,Never gonna give you up
2611,Rick Springfield,Affair of the heart
2684,Rick Springfield,Don't talk to strangers
2729,Rick Springfield,I get excited
2743,Rick Springfield,Jessie's girl
2760,Rick Springfield,Love is alright tonight
2763,Rick Springfield,Love somebody
2771,Rick Springfield,My father's chair
2828,Rick Springfield,Souls
3806,Ricky Martin,Maria (spanish)
505,Ricky Martin & Christina Aguilera,Nobody wants to be lonely
1782,Ricky Nelson,Someday
2092,Ricky Nelson,Travelin' man
858,Rihanna,Oh baby
1230,Rihanna,Sos (rescue me)
2683,Rihanna,Don't stop the music
2877,Rihanna,We ride
3957,Rihanna,Rude boy
3969,Rihanna,Only girl in the world
5423,Rihanna,American Oxygen
3977,Rihanna & Drake,What's my name
5425,Rihanna & Kanye West & Paul Mccartney,Fourfiveseconds
1324,Rita Coolidge,I'd rather leave while I'm in love
1636,Rob Thomas,Lonely no more
91,Robbie Williams,Let love be your energy
108,Robbie Williams,Things
239,Robbie Williams,Sexed up
246,Robbie Williams,Something beautiful
1238,Robbie Williams,Sin sin sin
1640,Robbie Williams,Misunderstood
1926,Robbie Williams,Let me entertain you
1927,Robbie Williams,Freedom
1928,Robbie Williams,It's only us
1930,Robbie Williams,"Win some, lose some"
1931,Robbie Williams,Ego a go go
1934,Robbie Williams,Karma killer
1936,Robbie Williams,No regrets
1937,Robbie Williams,Lazy days
1018,Robert Broberg,Ingela
1291,Robert Palmer,Simply irresistable
433,Roberta Flack & Peabo Bryson,Tonight I celebrate my love
3781,Robin Thicke,When I get you alone
702,Robyn,Be mine
2509,Robyn,With every heartbeat
3848,Robyn,Show me love
3965,Robyn,Dancing on my own
3985,Robyn,Call your girlfriend
4952,Robyn,Do you really want me
5830,Robyn Schultz,Show me love
1751,Rockin Berries,He's in town
3822,Rocky horror picture show,Timewarp
328,Rod Stewart,Have I told you lately
343,Rod Stewart,A reason to believe
604,Rod Stewart,So far away
1428,Rod Stewart,Maggie may
3451,Rod Stewart,Forever young
3751,Rod Stewart,Baby Jane
2055,Roger Miller,King of the road
1757,Roger Whittaker,I don't believe in if anymore
1591,Rolf Carlsson,Tidig �r tiden
1388,Rolling Stones,Hony tonk women
1415,Rolling Stones,Jumpin' jack flash
1453,Rolling Stones,Satisfaction
2754,Rolling Stones,Like a rolling stone
2789,Rolling Stones,Paint it black
5267,Rolling Stones,Sympathy For The Devil
5268,Rolling Stones,Under My Thumb
220,Ronan Keating,The long goodbye
438,Ronan Keating,The way you make me feel
594,Ronan Keating,Father and son
1126,Ronan Keating,Life is a rollercoaster
1229,Ronan Keating,When you say nothing at all
1240,Ronan Keating,All over again
2222,Ronettes,Be my baby
913,Rongedal,Just a minute
5703,Rosemary Clooney,Mambo italiano
1995,Rosie/Originals,Angel baby
300,Roxette,Make it real
475,Roxette,It must have been love
1047,Roxette,Spending my time
1308,Roxette,Sleeping in my car
2697,Roxette,Fading like a flower (every time you leave)
2758,Roxette,The look
5683,Roxette,Church of your heart
2365,Roxy Music,More than this
2669,Roxy Music,Dance away
2761,Roxy Music,Love is the drug
2856,Roxy Music,The strand
5704,Roy Orbinson,A love so beautiful
5705,Roy Orbinson,Dream baby
893,Roy Orbison,You got it
2,Rozallo,Everybody's free
5531,Rudimental Ft James Arthur,Sun comes up
3526,Rufus,Tell me something good
5269,Run Dmc,It's Tricky
3437,Ryan Cabrera,True
1122,S Club 7,Don't stop movin'
1128,S Club 7,Reach
859,Sade,By your side
2430,Salt 'N Pepa,Shoop
5270,Salt N Pepa,Let's Talk About Sex
2659,Sam Cooke,Chain gang
2892,Sam Cooke,Wonderful world
2897,Sam Cooke,You send me
4955,Sam Cooke,A change is gonna come
35,Sam The Sham & The Pharaohs,Woolly bully
2860,Samantha Fox,Touch me (I want your body)
3801,Samantha Fox,I only want to be with you
3929,Samantha Fox,Nothing's gonna stop me now
5427,Sandra,Maria Magdalena
958,Sandra Dahlberg,H�r stannar jag kvar
1318,Sandy Shaw,Puppet on a string
807,Sanna Nielsen,Hela v�rlden f�r mig
911,Sanna Nielsen,Empty room
3258,Sanna Nielsen,I'm in love
950,Sanne Salomonsen,Higher ground
347,Santa Esmeralda,You're my everything
3474,Santana,Open invitation
2353,Santana & Chad Kroeger,Into the night
4956,Santana & Eagle-Eye Cherry,Wishing it was
156,Santana & Michelle Branch,The game of love
1299,Santana & Rob Thomas,Smooth
964,Sara L�fgren,Som stormen
1078,Sara L�fgren,Starkare
3261,Sara Varga,Spring f�r livet
904,Sarah Dawn Finer,I'm moving on
927,Sarah Dawn Finer,I remember love
968,Sarek,�lvorna
70,Sash & Tina Cousins,Mysterious time
759,Sator,I wanna go home
3656,Savage Garden,Animal song
3844,Savage Garden,I want you
3846,Savage Garden,To the moon and back
3852,Savage Garden,"Break me, shake me"
3856,Savage Garden,I knew I loved you
3860,Savage Garden,Affirmation
3862,Savage Garden,Hold me
3928,Savage Garden,Crash and burn
5831,Saweetie ft Doja cat,Best friend
3459,Scandal,Goodbye to you
2702,Scissor Sisters,Filthy gorgeous
2728,Scissor Sisters,I don't feel like dancing
2749,Scissor Sisters,Kiss you off
2750,Scissor Sisters,Land of a thousand words
2847,Scissor Sisters,Take your mama
5832,Scissors sisters,Mary
1184,Scorpions,No one like you
5903,Scorpions,The zoo
49,Seal,Kiss from a rose
4307,Sean Banan,Sean den f�rste banan
218,Sean Paul,Get busy
1380,Sean Paul,Gimme the light
1328,Searchers,Sweets for my sweet
818,Sebastian,Do what you're told
930,Sebastian,V�gar du v�gar jag
489,Seith Carradine,I'm easy
3720,Selena,El toro relajo
5636,Selena Gomes,Lose you to love me
5637,Selena Gomes,Slow down
5525,Selena Gomez,A year without rain
5514,Selena Gomez ft ASAP Rocky,Good for you
5526,Selena Gomez Ft Marshmello,Wolves
5522,Selena Gomez Ft. Gucci Mane,Fetish
480,Selina,Dreaming of you
3264,September,Mikrofonk�t
3919,September,Cry for you
3949,September,Can't get over
652,Sertab,Every way that l can
864,Sex Pistols,Pretty vacant
1721,Sex Pistols,Anarchy in the UK
1027,Sha-Boom,Rock (rock'n roll music)
2077,Shaggy,Oh Carolina
895,Shakin' Stevens,Oh Julie
176,Shakira,Underneath your clothes
3721,Shakira,Estoy aqui
3722,Shakira,Si te vas
3723,Shakira,Suerte
3963,Shakira & Freshlyground,Waka waka (this time for Africa)
4114,Shamen,Ebenezer goode
635,Shanes,Vem f�r f�lja dig hem
1145,Shania Twain,Love gets me everytime
2065,Shania Twain,Who's bed have your boot been under
2066,Shania Twain,Man I feel like a woman
2223,Shania Twain,That don't impress me much
3504,Shania Twain,If you're not in it for love
3505,Shania Twain,Rock this country
3507,Shania Twain,You've got a way (remix)
3508,Shania Twain,Any man of mine
3510,Shania Twain,I'm holding on to love
3511,Shania Twain,Forever and for always
3512,Shania Twain,Don't be stupid
3516,Shania Twain,Honey I'm home
97,Shania Twain & Bryan White,From this moment on
5603,Shawn Mendes,Nervous
5604,Shawn Mendes,Something big
5605,Shawn Mendes,Nothing holding me back
5809,Shawn Mendes ft Justin Bieber,Monster
3657,Shawn Mullin,Lullaby
718,Shayne Ward,No promises
2432,Shayne Ward,No u hang up
1736,Shirley Bassey,Climb every mountain
4303,Shirley Bassey,Goldfinger
5276,Shirley Bassey,This Is My Life
947,Shirley Clamp,Att �lska dig
961,Shirley Clamp,Min k�rlek
1615,Showaddywaddy,Pretty little angel eyes
916,Sibel,That is where I'll go
3260,Simon Forsberg,Tid att andas
1363,Simple Minds,Don't you forget about me
1441,Sinead O'Connor,Nothing compares 2 U
1481,Sisqo,Thong song
3658,Sixpence non the richer,Kiss me
2305,Skeeter Davis,The end of the world
3438,Skye Sweetnam,Tangled up in me
1996,Skylark,Wildflower
4959,Slayer,Raining blood
4960,Slayer,Spill the blood
4961,Slayer,South of heaven
2869,Slipknot,Vermillion
4090,Slipknot,Wait and bleed
2810,"Slum Village, Kanye West & John Legend",Selfish
4967,Smash Mouth,You are my number one
5905,Smash mouth,All star
866,Smiths,There is a light that never goes out
867,Smiths,This charming man
2205,Smokie,Living next door to Alice
4968,Snoop Dog & Justin Timberlake,Signs
3818,Snoop Dogg,What's my name
2117,Snow Patrol,The planets bend between us
5684,Snowstorm,Sommarnatt
907,Sofia,Alla
673,Sofie,Simsalabim
817,Son of a plumber,C'mon/Jo-Anna Says
4971,Son of Dork,Eddie's song
5282,Sonia,Better The Devil You Know
737,Sonja Ald�n,H�r st�r jag
929,Sonja Ald�n,F�r att du finns
4309,Sonja Ald�n,I din himmel
143,Sophie Ellis-Bextor,Get over you
2382,Sophie Ellis-Bextor,Murder on the dancefloor
2689,Sound of Music,Edelweiss
2772,Sound of Music,My favourite things
2822,Sound of Music,"So long, farewell"
2855,Sound of Music,The sound of music
2903,Soundgarden,Black hole sun
3647,South Pacific,I'm gonna wash that man right out of my hair
3808,Spandau Ballet,True
3814,Spandau Ballet,Through the barricades
3819,Spandau Ballet,Only when you leave
1223,Spencer Davis Group,Keep on running
1868,Spice Girls,Viva forever
1872,Spice Girls,Too much
1873,Spice Girls,Mi chico latino
1874,Spice Girls,Lift me up
1877,Spice Girls,Northern star
1881,Spice Girls,I want you back
2104,Spice Girls,Love thing
4065,St Etienne,He's on the phone
1464,Stacy Orrico,Stuck
4014,Staind,It's been a while
5436,Stars On 54,If You Could Read My Mind
2876,Starship,We built this city
3398,Starship,It's not over 'til it's over
4973,Steely Dan,Black Friday
4974,Steely Dan,Bodhisattva
4976,Steely Dan,Dirty work
4977,Steely Dan,Fez
4979,Steely Dan,Hey 19
4980,Steely Dan,Josie
4981,Steely Dan,My school
4982,Steely Dan,Peg
4983,Steely Dan,Time out of mind
4985,Steely Dan,Babylon sisters
1342,Steppenwolf,Born to be wild
1637,Steps,Tragedy
5284,Stereo Mcs,Connected
3796,Steve Miller,The joker
2226,Steve Winwood,Higher love
1396,Stevie Wonder,I just called to say I love you
2923,Stevie Wonder,Lately
4052,Stevie Wonder,I wish
4990,Stevie Wonder,You and I
4992,Stevie Wonder,Uptight (everything's alright)
4994,Stevie Wonder,Don't you worry 'bout a thing
286,Sting,Every breath you take
869,Sting,Fields of gold
870,Sting,An Englishman in New York
2362,Stone Roses,I wanna be adored
2945,Stone Sour,Through glass
2960,Stone Sour,Bother
2228,Stone temple pilots,Interstate love song
2229,Stone temple pilots,Plush
1716,Stranglers,Skin deep
1717,Stranglers,Something better change
2325,Stray Cats,Rock this town
2941,Style council,Speak like a child
1155,Styx,Too much time on my hands
3460,Styx,Suite madame blue
4997,Styx,Mr Roboto
105,Sugarbabes,Round round
197,Sugarbabes,Stronger
256,Sugarbabes,Hole in the head
1233,Sugarbabes,Follow me home
1407,Sugarbabes,In the middle
3563,Sum 41,In too deep
5738,Sum 41,Another time around
4999,Sunrise Avenue,Fairytale gone bad
5000,Sunrise Avenue,Somebody help me
5002,Supertramp,Give a little bit
5004,Supertramp,Breakfast in America
5006,Supertramp,Goodbye stranger
1323,Supremes,Stop in the name of love
1335,Supremes,Baby love
1372,Survivor,Eye of the tiger
5008,Susan Boyle,I dreamed a dream
1020,Susanne Alfvengren,N�r vi r�r varann
1524,Susanne Alfvengren & Mikael Rickfors,Som stormen river �ppet hav
61,Suzi Quatro,Devilgate drive
3788,Suzi Quatro & Chris Norman,Stumblin' in
633,Sven-Ingvars,Tv� m�rka �gon
792,Sven-Ingvars,Fr�ken Fr�ken
796,Sven-Ingvars,Min gitarr
800,Sven-Ingvars,S�g inte nej s�g kanske
802,Sven-Ingvars,Torparrock
1045,Svenne Rubins,L�nga bollar p� Bengt
1026,Svullo,F�r fet f�r ett fuck
5287,Swedish House Mafia,Don't You Worry Child
3967,Swedish House Mafia & Pharrell,One (your name)
5442,Swedish House Mafia And Pharrell,One
44,Sweet,Ballroom blitz
5009,Sweet,Fox on the run
1599,Swing Out Sister,You on my mind
3566,System of a down,Chop suey
5906,SZA,Kill bill
3596,T-Pain feat. Chris Brown,Freeze
1303,T-Rex,Ride a white swan
7,Take That,Sure
2109,Take That,Said it all
2463,Takida,Handlake village
1690,Tammy Wynette,Your good girl's gonna' go bad
2053,Tammy Wynette,Stand by your man
278,Tarsha Vega,Goodbye girl
41,Tasmin Archer,Sleeping satellite
1950,Taste of honey,Boogie oogie oogie
5821,Tate Mcrae ft Khalid,Working
213,Tatu,Not gonna get us
3659,Taylor Dayne,Naked without you
5289,Taylor Dayne,Don't Rush Me
5291,Taylor Dayne,Love Will Lead You Back
5293,Taylor Dayne,I'll Always Love You
2114,Taylor Swift,Teardrops on my guitar
3992,Taylor Swift,If this were a movie
4074,Taylor Swift,Beautiful eyes
4077,Taylor Swift,Innocent
5443,Taylor Swift,22
5661,Taylor Swift,The man
5909,Taylor Swift,Cruel summer
1371,Tears For Fears,Everybody wants to rule the world
5011,Tears For Fears,Pale shelter
5014,Tears For Fears,Call me mellow
2933,Technotronic,Pump up the jam
1520,Ted G�rdestad,Jag vill ha en egen m�ne
2465,Ted G�rdestad,F�r k�rlekens skull
5299,Temper Trap,Sweet Disposition
1435,Temptations,My girl
2284,Tennessee Ernie Ford,Sixteen tons
5523,Terror squad,Lean back
3758,Terry Jacks,Seasons in the sun
81,Texas,In our lifetime
924,The Ark,The worrying kind
669,The Attic,I just can't help it
5301,The Beatles,Helter Skelter
3439,The Calling,Anything
5020,The Calling,Adrienne
5025,The Cars,Just what I needed
5691,The cartoons,Doo dah
473,The Corrs,Irresistible
2951,The Corrs,What can I do
874,The Cure,Just like heaven
2007,The Doors,Light my fire
5303,The Doors,Break On Through
3633,The Fixx,One thing leads to another
2238,The Fray,How to save a life
2239,The Fray,Over my head (Cable car)
3588,The Fray,Never say never
5304,The Hives,Hate To Say I Told You So
5305,The Hives,Main Offender
5306,The Hives,Walk Idiot Walk
5029,The Isley Brothers,Fight the power
5030,The Isley Brothers,Contagious
5307,The Isley Brothers,Harvest For The World
3702,The Judds,Guardian angels
3703,The Judds,A girl's night out
3704,The Judds,Change of heart
3705,The Judds,River of time
3259,The Monkier,Oh my God!
5834,The offspring,We never have sex anymore
5568,The police,Roxanne
5570,The Police,Walking on the moon
5638,The pussycat dolls,Don't cha
5308,The Rolling Stones,Gimme Shelter
5573,The script,Rain
5517,The Weeknd,Earned it
5519,The Weeknd,I feel it coming
3556,The Who,Gettin' in tune
3797,The Who,My generation
5807,The who,I cant explain
5836,The who,Behind blue eyes
5838,The who,Were ot going to take it
2922,Thin Lizzy,Jailbreak
2936,Thin Lizzy,Rosalie
2938,Thin Lizzy,Sarah
2944,Thin Lizzy,The boys are back in town
3766,Thin Lizzy,Dancing in the moonlight
5033,Third Eye Blind,Semi-charmed life
5034,Third Eye Blind,How's it going to be
5035,Third Eye Blind,Jumper
793,Thorleifs,Gr�t inga t�rar
3935,Three Days Grace,I hate everything about you
3580,Three Dog Night,Mama told me (not to come)
5655,Tiesto ft Rita Ora,Ritual
4064,Timbaland & Justin Timberlake,Carry out
5040,Timbaland & Justin Timberlake,Carry out
4038,Timbaland & Keri Hilson,The way I are
5311,Timbaland And One Republic,Apologize
703,Timbuktu,Det l�ser sig
5041,Timbuktu,Flickan och kr�kan
264,Timmy T,One more try
2472,Timoteij,Kom (run)
4310,Timoteij,Stormande hav
1473,Tina Turner,The best
1689,Tina Turner,"River deep, mountain high"
2511,Tina Turner,What's love got to do with it
3747,Tina Turner,When the heartache is over
4025,Tina Turner,Private dancer
909,Tingeling feat. Pihlman,Tingeling
4201,Tinie Tempah & Wiz Khalifa,Till I'm gone
5312,Tinie Tempah Feat Eric Turner,Written In The Stars
73,Tlc,No scrub
2375,Toby Keith,Lost you anyway
2900,Toby Keith,A woman's touch
2902,Toby Keith,Big ol' truck
2906,Toby Keith,Does that blue moon ever shine
2913,Toby Keith,Getcha some
2925,Toby Keith,Me too
2958,Toby Keith,American soldier
5507,Toby Keith,As good as i once was
5043,Tokio Hotel,Ready set go!
385,Tom Jones,I'll never fall in love again
1284,Tom Jones,Sex bomb
1409,Tom Jones,It's not unusual
2293,Tom Jones,Delilah
5046,Tom Jones,Help yourself
5707,Tom Jones,Baby it's cold outside
3165,Tom Jones & Cardigans,Burning down the house
879,Tom Petty,I won't back down
1030,Tomas Dileva,Vem ska jag tro p�
986,Tomas Ledin,Det ligger i luften
1061,Tomas Ledin,Sommaren �r kort
1504,Tomas Ledin,Bl� bl� k�nslor
1505,Tomas Ledin,Du kan lita p� mig
1506,Tomas Ledin,En del av mitt hj�rta
1507,Tomas Ledin,F�r dina �gons skull
1508,Tomas Ledin,I natt �r jag din
1509,Tomas Ledin,Just nu
1510,Tomas Ledin,Knivhuggarrock
1511,Tomas Ledin,Lika hoppl�st f�r�lskad
1512,Tomas Ledin,L�ng v�g tillsammans
1513,Tomas Ledin,Sensuella Isabella
1515,Tomas Ledin,Vi �r p� g�ng
5668,Tomas Ledin,En dag p� stranden
3502,Tommy James,Crystal blue persuasion
981,Tommy K�rberg,Stad i ljus
991,Tommy K�rberg,"Judy, min v�n"
933,Tommy Nilsson,Jag tror p� m�nniskan
1025,Tommy Nilsson,�ppna din d�rr
1213,Tommy Roe,Sheila
2082,Tommy Roe,Dizzy
1516,Tone Norum & Tommy Nilsson,Allt som jag k�nner
5639,Tones and I,Dance monkey
5755,Tones and I,Fly Away
427,Toni Braxton,Un-break my heart (original)
1156,Toni Braxton,Un-break my heart (remix)
2086,Toni Braxton,You're makin me high
1761,Tony Christie,Is this the way to Amarillo
2000,Tony!Tony!Tony!,Anniversary song
5047,Tooji (Eurovision 2012 Norway),Stay
776,Tor Endresen,Ingen er s� nydelig som du
785,Tor Endresen,Radio Luxembourg
4001,Tori Amos,Cornflake girl
2937,Toto,Rosanna
2907,Trace Adkins,Don't lie
2940,Trace Adkins,Songs about me
2957,Trace Adkins,You're gonna miss this
2959,Trace Adkins,I'm gonna love you anyway
3920,Trace Adkins,Every light in the house is on
3403,Tracy Chapman,Baby can I hold you
5913,Tracy Chapman,Talkin' bout revolution
477,Trademark,Miss you finally
1038,Trance Dance,You're gonna get it
3782,Travis/Fran Healey,Closer
3472,Triumph,Lay it on the line
1494,Troggs,Wild thing
1739,Turtles,Elenore
200,Tweet,Oops oh my
203,U2,Electrical storm
1400,U2,I still haven't found what I'm looking for
2908,U2,Even better than the real thing
2919,U2,In a little while
2928,U2,Mysterious ways
2932,U2,Pride in the name of love
2069,UB40,Can't help falling in love
2079,UB40,Kingston town
5612,UB40,Come back darling
5613,UB40,Maybe tomorrow
1055,Uffe Neidemar,H�ng me p� party
5670,Uffe Neidemar,H�ng med p� party
2904,Ugly Kid Joe,Cat's in the cradle
2909,Ugly Kid Joe,Everything about you
2461,Ulf Lundell,�ppna landskap
4084,Ulf Lundell,Sn�n faller och vi med den
5050,Ulf Lundell,"Sextiosju, sextiosju"
5678,Ulf Lundell,Oh  lalala jag vill ha dig
4308,Ulrik Munther,Soldiers
4033,Ultravox,The voice
4047,Ultravox,Love's great adventure
255,Uncle Kracker,Drift away
5452,Unit 4 2,Concrete And Clay
3661,Uriah Heep,Stealin'
1675,Usher,Burn
2946,Usher,U don't have to call
2947,Usher,U remind me
2955,Usher,You make me wanna
5051,Usher,U-turn
3085,Usher & Alicia Keys,My boo
2924,Usher & Young Jeezy,Love in this club
1795,Val Doonican,Walk tall
1843,Van Halen,Pretty woman
5052,Van Morrison,Moondance
2439,Vanessa Amorosi,Absolutely everybody
3923,Vanessa Amorosi,Perfect
3954,Vanessa Amorosi,Hazardous
3960,Vanessa Amorosi,Mr Mysterious
3986,Vanessa Amorosi,Gossip
3991,Vanessa Amorosi,Amazing
4062,Vanessa Amorosi,This is who I am
4070,Vanessa Amorosi,Holiday
104,Vanessa Carlton,Ordinary day
2918,Vanilla Ice,Ice ice baby
2931,Vanilla Ice,Play that funky music
5314,Velvet Underground,I'm Waiting For The Man
95,Vengaboys,Kiss (when the sun don't shine)
5710,Vengaboys,Sha la la la la
5711,Vengaboys,We like to party
5712,Vengaboys,Were going to Ibiza
3803,Veronica Maggio,17 �r
4315,Veronica Maggio,V�lkommen in
637,Vikingarna,"H�ga berg, djupa hav"
638,Vikingarna,Till mitt eget blue Hawaii
791,Vikingarna,Du �r min sommar Marie
801,Vikingarna,Tio tusen r�da rosor
1497,Village People,Ymca
1960,Village People,Macho man
670,Vincent Hamilton,Jag vill ha en egen m�ne
4008,Visage,Fade to grey
5322,Volbeat,Lola Montez
5462,Volbeat,A Warrior's Call
5464,Volbeat,Fallen
5465,Volbeat,Heaven Nor Hell
5467,Volbeat,Still Counting
3690,Wallflowers,One headlight
2934,Warren G & Nate Dog,Regulate
2282,Waylon Jennings,Okie from Muskogie
4044,Weezer,Pork and beans
4058,Weezer,If you're wondering if I want you to
3649,West Side Story,Maria
87,Westlife,Up town girl
118,Westlife,Bop bop baby
244,Westlife,Hey whatever
413,Westlife,I lay my love on you
450,Westlife,My love
826,Westlife,You raise me up
2384,Westlife,Unbreakable
1423,Wet wet wet,Love is all around
1142,Wham,I'm your man
4049,Wham,Wham rap (enjoy what you do)
4017,Wheatus,Leroy
3948,White Lies,To lose my life
2249,White Stripes,Seven nation army
5316,Whitesnake,Love Ain't No Stranger
295,Whitney Houston,Where do broken hearts go
319,Whitney Houston,I have nothing
374,Whitney Houston,One moment in time
476,Whitney Houston,Saving all my love for you
588,Whitney Houston,Count on me
645,Whitney Houston,You give good love
1813,Whitney Houston,Greatest love of all
1814,Whitney Houston,Exhale (shoop shoop)
1815,Whitney Houston,It's not right but it's okay
1817,Whitney Houston,I'm your baby tonight
1818,Whitney Houston,All the man that I need
1819,Whitney Houston,I believe in you and me
1821,Whitney Houston,Didn't we almost have it all
1823,Whitney Houston,Heartbreak hotel
2013,Whitney Houston,I wanna dance with somebody who loves me
2084,Whitney Houston,My love is your love
3911,Whitney Houston,Unashamed
3952,Whitney Houston,I look to you
4053,Whitney Houston,Miracle
5318,Whitney Houston,I Go To The Rock
5319,Whitney Houston,Joy
5320,Whitney Houston,Run To You
4142,Whitney Houston & Enrique Iglesias,Could I have this kiss forever
3868,Whitney Houston & Jermaine Jackson,If you say my eyes are beautiful
5455,"Who, The",Baba O'riley
5538,Will Smith,Wild wild west
5457,Will Smith,Gettin Jiggy With It
129,Will Young,Light my fire
1123,Will Young,Evergreen
1286,Will Young,Who am I
5461,Wiz Khalifa Feat. Charlie Puth,See You Again
1035,X-Models,Tv� av oss
3813,Yazoo,Only you
3925,Yazoo,The other side of love
55,Yazz,The only way is up
3861,Yolanda Adams,Open my heart
1954,Yvonne Elliman,If I can't have you
1674,Yvonne Fair,It should have been me
5468,Zac Brown Band,Chicken Fried
5470,Zac Brown Band,Highway 20 Ride
5471,Zac Brown Band,Homegrown
5472,Zac Brown Band,Knee Deep
5474,Zac Brown Band Feat Alan Jackson,As She's Walking Away
3503,Zager & Evans,In the year 2525
5841,Zara Larsson,All the time
5842,Zara Larsson,Ruin my life
